,,1990,1991,1992,1993,1994,1995,1996,1997,1998,1999,2000,2001,2002,2003,2004,2005,2006,2007,2008,2009,2010,2011,2012,2013,2014,2015,2016,2017,2018,2019,2020,2021*
Emissions,Sources,million kg,million kg,million kg,million kg,million kg,million kg,million kg,million kg,million kg,million kg,million kg,million kg,million kg,million kg,million kg,million kg,million kg,million kg,million kg,million kg,million kg,million kg,million kg,million kg,million kg,million kg,million kg,million kg,million kg,million kg,million kg,million kg
Carbon dioxide (CO2),Total mobile sources,33400,33300,34600,34800,35400,35600,36100,37200,37800,39500,39800,40300,40600,41100,41800,41900,42000,41700,41400,40500,40500,40600,39700,38600,38900,39800,40200,40400,41200,41200,37700,38300
Carbon dioxide (CO2),Total inland transport,27500,27600,28900,28900,29300,29300,29700,30600,31100,32500,32600,33000,33400,33800,34400,34300,34200,34200,34400,33600,33800,33600,33200,32300,32300,32900,33400,33800,34400,34300,30800,31400
Carbon dioxide (CO2),"Road traffic, total",24200,24300,25500,25500,25800,25800,26100,26600,27200,28600,28600,28900,29300,29600,30200,30200,30100,30100,30000,29600,29600,29200,28700,28000,27800,28100,28900,29200,29400,29300,26100,26600
Carbon dioxide (CO2),"Road traffic, passenger cars",15500,15400,16100,15900,16300,16100,16300,16700,17000,17700,17800,18000,18400,18600,19100,18800,18800,18600,18300,18100,18000,17900,17600,17400,17200,17300,17600,17700,17800,17600,14600,14800
Carbon dioxide (CO2),"Road traffic, freight vehicles",7600,7900,8400,8500,8500,8600,8600,8800,9100,9800,9700,9800,9800,9900,10100,10200,10200,10300,10600,10400,10400,10100,9900,9500,9400,9800,10200,10400,10600,10700,10600,11000
Carbon dioxide (CO2),"Road traffic, other",1100,1000,1000,1100,1100,1100,1100,1100,1100,1100,1100,1100,1100,1100,1100,1100,1100,1100,1100,1100,1200,1200,1100,1100,1100,1100,1000,1100,1100,1000,900,900
Carbon dioxide (CO2),Total inland shipping,1900,1900,1900,1900,1900,1900,1900,2200,2000,2000,2100,2200,2100,2200,2000,2000,1900,2000,1900,1700,1800,1900,2000,2000,2000,2100,2000,2100,2100,1900,1900,2000
Carbon dioxide (CO2),"Inland shipping, passenger transport",100,100,100,100,100,100,100,100,100,100,100,100,100,100,100,100,100,100,100,100,100,100,100,100,100,100,100,100,100,100,100,100
Carbon dioxide (CO2),"Inland shipping, freight transport",1600,1600,1600,1600,1700,1600,1600,1900,1700,1700,1800,1900,1800,1900,1700,1700,1600,1700,1600,1400,1500,1600,1700,1700,1700,1800,1700,1800,1800,1600,1600,1700
Carbon dioxide (CO2),"Inland shipping, pleasure cruising",100,100,100,200,100,200,200,200,200,200,200,200,200,200,200,200,200,200,200,200,200,200,200,200,200,200,200,200,200,200,200,200
Carbon dioxide (CO2),Fishing,400,300,300,300,300,400,400,400,400,400,400,400,300,300,300,300,300,200,200,200,200,200,100,200,200,200,200,100,200,200,200,200
Carbon dioxide (CO2),Railways total,100,100,100,100,100,100,100,100,100,100,100,100,100,100,100,100,100,100,100,100,100,100,100,100,100,100,100,100,100,100,100,100
Carbon dioxide (CO2),"Railways, passenger transport",0,0,0,0,0,0,0,0,0,0,0,0,0,0,0,0,0,0,0,0,0,0,0,0,0,0,0,0,0,0,0,0
Carbon dioxide (CO2),"Railways, freight transport",100,100,100,100,100,100,100,100,100,100,100,100,100,100,100,100,100,100,100,100,100,100,100,100,100,100,100,0,0,0,0,0
Carbon dioxide (CO2),Aviation,300,300,400,400,400,500,500,500,500,600,600,600,600,700,800,800,800,800,800,700,800,800,800,800,800,800,900,900,900,900,500,500
Carbon dioxide (CO2),"Seagoing shipping, inland",700,700,700,700,700,700,700,800,800,800,900,900,900,900,1000,1000,1000,1100,1400,1300,1300,1400,1400,1300,1400,1600,1300,1300,1700,1800,2000,2000
Carbon dioxide (CO2),Seagoing shipping on continental shelf,2900,2700,2800,2900,2900,3000,3100,3200,3400,3500,3700,3800,3900,4000,4100,4200,4400,4100,3500,3400,3400,3600,3300,3100,3300,3600,3500,3400,3400,3600,3500,3500
Carbon dioxide (CO2),"Mobile machinery, total",2900,2900,3000,3000,3200,3300,3300,3300,3300,3600,3500,3500,3400,3300,3300,3400,3400,3500,3500,3500,3300,3400,3200,3300,3400,3300,3300,3200,3400,3300,3400,3400
Carbon dioxide (CO2),"Mobile machinery, agriculture",1100,1000,1000,1000,1000,1100,1000,1000,1000,1100,1100,1100,1000,1100,1000,1100,1000,1000,1000,1000,1100,1100,1100,1100,1200,1200,1100,1100,1300,1200,1200,1200
Carbon dioxide (CO2),"Mobile machinery, building industry",1400,1400,1400,1400,1500,1500,1600,1600,1600,1800,1700,1700,1600,1500,1500,1600,1600,1600,1700,1700,1500,1600,1400,1500,1500,1400,1500,1400,1500,1400,1500,1500
Carbon dioxide (CO2),"Mobile machinery, other sectors",400,500,500,600,600,600,700,700,700,700,700,700,700,700,700,700,700,800,800,800,800,800,800,700,700,700,700,700,700,700,700,700
Carbon monoxide (CO),Total mobile sources,777,684.9,664.3,622.1,591.5,573.2,558.8,535.3,514.6,507,490.5,488.8,491.9,493.7,494.2,485.2,479.4,477.1,468.6,461.1,455.4,448.4,433.8,420.6,405.4,399.6,389,389.3,368.1,349.9,303.1,301.5
Carbon monoxide (CO),Total inland transport,737.1,640.6,616.6,571.2,537.6,516.8,500.9,476.6,455.2,446,430.2,428.9,433.2,435.9,437,427.7,422.8,422,414.2,407.7,403.6,396.4,383,370.5,354.8,349.7,339.8,340.7,319.2,301.1,254.6,253.3
Carbon monoxide (CO),"Road traffic, total",709.9,614.7,590.5,543.1,511.3,488.2,471,445.9,424.9,414.7,398.1,396.2,400.2,401.5,402.3,393.4,388.8,388.3,380.4,374.7,370.4,362.8,349.6,337.8,322.2,317,307.2,308.1,286.1,268.4,224.1,217.3
Carbon monoxide (CO),"Road traffic, passenger cars",592.8,502.6,475.4,427,398.2,379.5,364.5,342.4,323.8,316.1,303.4,304.6,309.7,313.1,314.9,307.8,305.2,308.2,300,294.3,289.9,283.3,271.9,262.8,249.5,246.7,236.8,237.6,221.5,206.4,166.1,159
Carbon monoxide (CO),"Road traffic, freight vehicles",68.6,66.2,65,62.3,56.5,50.7,44.7,39.8,35.8,33.2,30.1,27.7,25.5,23.7,23.1,22,21.4,21.5,21.6,21.1,20.3,19.4,18.3,16.6,15.4,14.3,15,15.4,10.9,9.7,8.7,9.1
Carbon monoxide (CO),"Road traffic, other",48.5,45.9,50.1,53.8,56.6,58.1,61.8,63.6,65.3,65.4,64.6,63.8,65,64.7,64.4,63.6,62.3,58.7,58.9,59.3,60.2,60.1,59.5,58.4,57.3,56,55.5,55,53.7,52.4,49.3,49.2
Carbon monoxide (CO),Total inland shipping,22.1,20.8,20.7,22.7,20.8,22.9,24.3,24.8,24.4,25.4,26.2,27.2,27.7,28.5,28.7,28.3,27.9,27.6,27.3,26.9,27.1,27.3,27.3,26.9,26.8,26.6,26.4,26.5,26.6,25.9,25.6,30.7
Carbon monoxide (CO),"Inland shipping, passenger transport",0.3,0.3,0.3,0.4,0.4,0.4,0.4,0.4,0.4,0.4,0.4,0.4,0.4,0.4,0.4,0.4,0.4,0.4,0.4,0.4,0.4,0.4,0.4,0.4,0.4,0.4,0.4,0.4,0.4,0.4,0.4,0.4
Carbon monoxide (CO),"Inland shipping, freight transport",7.7,7.6,7.5,7.4,7.3,6.9,6.8,7.9,6.7,6.8,6.9,7,6.6,6.7,6,5.7,5.4,5.4,5.2,5,5.4,5.8,5.9,5.7,5.7,5.7,5.5,5.5,5.7,5,4.9,5.1
Carbon monoxide (CO),"Inland shipping, pleasure cruising",14.1,12.9,12.9,15,13.2,15.6,17.2,16.5,17.3,18.2,19,19.8,20.7,21.5,22.3,22.3,22.1,21.9,21.7,21.5,21.3,21.2,21,20.9,20.7,20.6,20.6,20.6,20.6,20.6,20.4,25.2
Carbon monoxide (CO),Fishing,0.4,0.4,0.4,0.4,0.4,0.5,0.4,0.4,0.4,0.4,0.4,0.4,0.3,0.3,0.3,0.3,0.3,0.2,0.2,0.2,0.2,0.1,0.1,0.1,0.1,0.1,0.1,0.1,0.1,0.2,0.2,0.2
Carbon monoxide (CO),Railways total,0.3,0.3,0.3,0.3,0.3,0.3,0.3,0.3,0.3,0.3,0.3,0.3,0.3,0.3,0.3,0.3,0.3,0.3,0.3,0.3,0.3,0.3,0.2,0.2,0.3,0.3,0.3,0.3,0.2,0.2,0.2,0.2
Carbon monoxide (CO),"Railways, passenger transport",0.2,0.2,0.2,0.2,0.2,0.2,0.2,0.2,0.2,0.2,0.2,0.2,0.2,0.1,0.2,0.2,0.2,0.1,0.1,0.2,0.2,0.2,0.1,0.1,0.2,0.2,0.2,0.2,0.2,0.2,0.2,0.2
Carbon monoxide (CO),"Railways, freight transport",0.1,0.1,0.1,0.1,0.1,0.1,0.1,0.1,0.1,0.1,0.1,0.1,0.1,0.1,0.1,0.1,0.1,0.1,0.1,0.1,0.1,0.1,0.1,0.1,0.1,0.1,0.1,0.1,0.1,0.1,0.1,0.1
Carbon monoxide (CO),Aviation,3.7,3.8,4,4,4.2,4.3,4.2,4.4,4.4,4.4,4.2,3.9,3.9,4.5,4.5,4.5,4.6,4.6,4.7,4.5,4.5,4.6,4.4,4.2,4.2,4.2,4.3,4.3,4.4,4.5,2.5,2.9
Carbon monoxide (CO),"Seagoing shipping, inland",0.6,0.7,0.7,0.7,0.7,0.7,0.7,0.8,0.8,0.8,0.8,0.8,0.9,0.9,0.9,0.9,1,1,1.3,1.2,1.2,1.2,1.3,1.1,1.3,1.4,1.4,1.4,1.8,1.9,2,2
Carbon monoxide (CO),Seagoing shipping on continental shelf,2.9,2.7,2.8,2.8,2.9,3,3.1,3.2,3.3,3.4,3.6,3.7,3.8,3.9,4,4,4.3,4,3.9,3.9,3.4,3.6,3.5,3.3,3.9,4,3.9,3.9,4.1,4.5,4.4,4.4
Carbon monoxide (CO),"Mobile machinery, total",37,41.6,44.9,48.1,51,53.4,54.8,55.5,56.1,57.6,56.7,56.1,54.8,53.9,53.3,53.4,52.3,51.1,50.4,49.5,48.4,48.3,47.3,46.9,46.7,45.9,45.3,44.7,44.8,44.4,44.2,43.8
Carbon monoxide (CO),"Mobile machinery, agriculture",7.1,7.2,7.2,7.3,7.4,7.9,7.5,7.5,7.5,8,7.9,7.6,7.3,7.1,6.7,6.7,6.3,6.1,5.7,5.5,5.4,5.3,5,4.9,5.1,4.9,4.5,4.3,4.5,4.2,4.1,4
Carbon monoxide (CO),"Mobile machinery, building industry",9.8,10.3,10.5,10.9,11.6,11.9,12.8,12.7,12.8,13.7,12.7,12.5,11.2,10.5,10.3,10.5,10.1,9.6,9.5,9.1,8,8.5,7.7,7.8,7.9,7.4,7.8,7.2,7.2,6.7,6.7,6.5
Carbon monoxide (CO),"Mobile machinery, other sectors",20.1,24.1,27.1,29.9,31.9,33.7,34.5,35.4,35.9,35.9,36.1,36.1,36.3,36.4,36.3,36.2,35.9,35.4,35.2,34.9,35,34.5,34.6,34.1,33.7,33.6,32.9,33.1,33.1,33.4,33.3,33.3
VOC emission by combustion,Total mobile sources,176,151,143.3,132.3,124.1,117,110.8,103.6,97.6,92.9,83.3,78.1,73.8,70.3,67.6,64.9,62.6,59.7,58.7,56.1,53.3,51.5,49,47.5,46.5,46.1,45.4,45.1,45,44.4,40.6,41.3
VOC emission by combustion,Total inland transport,164.7,139.4,131.5,120.2,111.6,104.3,98,90.8,84.7,79.5,70.2,65.2,61.6,58.6,56.2,53.7,51.8,49.6,49.5,47.3,45.3,43.6,41.6,40.6,39.5,39.2,38.9,39.1,38.5,37.7,33.9,34.7
VOC emission by combustion,"Road traffic, total",157.8,132.9,125.1,113.3,105.2,97.3,90.8,83.6,77.7,72.5,63.1,58.2,54.7,51.7,49.6,47.4,45.7,43.8,43.6,41.8,39.9,38.3,36.6,35.9,35,34.9,34.7,34.9,34.1,33.2,29.7,30.2
VOC emission by combustion,"Road traffic, passenger cars",105.6,87,80,69.9,63.3,57.5,52.8,46.8,41.7,37.7,31,27.9,25.4,23.6,22.2,20.7,19.8,19.4,19.1,18.3,17.8,17.5,16.9,16.7,16.2,16.2,16.3,16.6,16,15.5,12.8,13
VOC emission by combustion,"Road traffic, freight vehicles",20.4,20.3,19.6,18,16,14.2,12.4,11,9.9,9.4,8.7,8.2,7.6,7,6.7,6.6,6.5,6.4,6.1,5.6,5.2,4.9,4.5,4.7,5,5.4,5.8,6.2,6.6,6.8,6.9,7.1
VOC emission by combustion,"Road traffic, other",31.8,25.6,25.5,25.4,25.8,25.6,25.6,25.9,26.1,25.3,23.4,22.1,21.7,21.1,20.6,20.1,19.5,17.9,18.4,17.9,17,15.9,15.3,14.5,13.8,13.3,12.6,12.1,11.5,10.9,10,10
VOC emission by combustion,Total inland shipping,5.4,5,5,5.5,5,5.5,5.7,5.6,5.4,5.5,5.6,5.6,5.5,5.4,5.2,4.8,4.6,4.4,4.2,4,3.9,3.8,3.6,3.3,3.1,2.8,2.8,2.8,2.8,2.6,2.5,2.9
VOC emission by combustion,"Inland shipping, passenger transport",0.2,0.2,0.2,0.2,0.2,0.2,0.2,0.2,0.2,0.2,0.2,0.2,0.2,0.2,0.2,0.2,0.2,0.2,0.2,0.2,0.2,0.2,0.2,0.2,0.2,0.2,0.2,0.2,0.2,0.2,0.2,0.2
VOC emission by combustion,"Inland shipping, freight transport",1.9,1.9,1.8,1.8,1.7,1.6,1.6,1.9,1.6,1.6,1.6,1.6,1.5,1.5,1.4,1.3,1.2,1.2,1.2,1.2,1.3,1.3,1.4,1.3,1.3,1.3,1.2,1.2,1.3,1.1,1.1,1.1
VOC emission by combustion,"Inland shipping, pleasure cruising",3.3,3,3,3.5,3.1,3.7,3.9,3.5,3.6,3.7,3.7,3.8,3.7,3.7,3.6,3.3,3.1,3,2.8,2.6,2.4,2.2,2,1.8,1.6,1.3,1.3,1.3,1.3,1.3,1.3,1.5
VOC emission by combustion,Fishing,0.4,0.4,0.4,0.4,0.4,0.4,0.4,0.4,0.4,0.4,0.4,0.4,0.3,0.3,0.3,0.3,0.2,0.2,0.2,0.2,0.2,0.1,0.1,0.1,0.1,0.1,0.1,0.1,0.1,0.2,0.1,0.1
VOC emission by combustion,Railways total,0.1,0.1,0.1,0.1,0.1,0.1,0.1,0.1,0.1,0.1,0.1,0.1,0.1,0.1,0.1,0.1,0.1,0.1,0.1,0.1,0.1,0.1,0.1,0.1,0.1,0.1,0.1,0.1,0.1,0.1,0.1,0.1
VOC emission by combustion,"Railways, passenger transport",0.1,0.1,0.1,0.1,0.1,0.1,0.1,0.1,0.1,0.1,0.1,0.1,0.1,0,0.1,0.1,0.1,0,0,0.1,0.1,0.1,0,0,0.1,0.1,0.1,0.1,0.1,0.1,0.1,0.1
VOC emission by combustion,"Railways, freight transport",0,0,0,0,0,0,0,0,0,0,0,0,0,0,0,0,0,0,0,0,0,0,0,0,0,0,0,0,0,0,0,0
VOC emission by combustion,Aviation,0.4,0.4,0.4,0.4,0.4,0.4,0.4,0.4,0.4,0.4,0.4,0.3,0.3,0.4,0.4,0.4,0.5,0.5,0.5,0.4,0.4,0.4,0.4,0.4,0.4,0.4,0.4,0.4,0.4,0.4,0.2,0.3
VOC emission by combustion,"Seagoing shipping, inland",0.5,0.5,0.5,0.5,0.5,0.5,0.5,0.6,0.6,0.6,0.7,0.7,0.7,0.7,0.7,0.7,0.7,0.7,0.9,0.8,0.8,0.8,0.8,0.7,0.8,0.9,0.8,0.8,1.1,1.2,1.2,1.2
VOC emission by combustion,Seagoing shipping on continental shelf,2.3,2.1,2.2,2.3,2.3,2.4,2.5,2.6,2.7,2.8,2.9,3,3,3,3.1,3.2,3.3,3,2.6,2.6,2.2,2.3,2.1,2,2.2,2.4,2.3,2.2,2.8,3.1,3.3,3.3
VOC emission by combustion,"Mobile machinery, total",9,9.5,9.6,9.8,10.1,10.3,10.4,10.3,10.2,10.6,10.2,9.9,9.2,8.7,8.2,8,7.5,7.1,6.7,6.2,5.7,5.6,5.2,5,4.8,4.4,4.1,3.8,3.7,3.5,3.4,3.2
VOC emission by combustion,"Mobile machinery, agriculture",3.1,3.1,3.1,3.1,3.1,3.2,3,3,3,3.1,3.1,2.9,2.7,2.6,2.3,2.2,2,1.8,1.6,1.5,1.4,1.4,1.2,1.2,1.2,1.1,1,0.9,0.9,0.9,0.8,0.8
VOC emission by combustion,"Mobile machinery, building industry",3.9,4,3.9,3.9,4,3.9,4.1,4,3.9,4.2,3.8,3.7,3.2,2.9,2.8,2.7,2.5,2.3,2.2,2,1.7,1.7,1.5,1.4,1.4,1.3,1.3,1.2,1.1,1.1,1.1,1
VOC emission by combustion,"Mobile machinery, other sectors",2,2.3,2.6,2.8,3,3.2,3.2,3.3,3.3,3.3,3.3,3.3,3.3,3.2,3.2,3.1,3,2.9,2.8,2.8,2.7,2.5,2.5,2.4,2.2,2,1.9,1.7,1.6,1.6,1.5,1.4
VOC emission by evaporation,Total mobile sources,39.2,35.5,33,31.6,29.8,25.8,22.4,20.2,17.7,15.6,12.6,11.1,8.8,7.5,6.4,5.4,5.2,4.7,4.5,4.3,4.3,4.2,4.2,4.2,3.3,3.4,3.6,3.7,3.7,3.7,3.5,3.6
VOC emission by evaporation,Total inland transport,39.2,35.5,33,31.6,29.8,25.8,22.4,20.2,17.7,15.6,12.6,11.1,8.8,7.5,6.4,5.4,5.2,4.7,4.5,4.3,4.3,4.2,4.2,4.2,3.3,3.4,3.6,3.7,3.7,3.7,3.5,3.6
VOC emission by evaporation,"Road traffic, total",36.2,32.5,29.9,26.8,24.5,21.6,19.1,16.9,14.8,13,10.3,8.3,6.7,5.3,4.4,3.6,3,2.7,2.5,2.3,2.2,2.3,2.2,2.1,2,2,2.1,2.1,2,2.1,1.9,1.9
VOC emission by evaporation,"Road traffic, passenger cars",34.2,30.8,28.7,25.8,23.5,20.7,18.2,16,13.9,12.1,9.4,7.4,5.8,4.4,3.5,2.6,2.1,1.7,1.5,1.3,1.2,1.2,1.1,1.1,1,1,1.1,1.1,1,1.1,0.9,0.9
VOC emission by evaporation,"Road traffic, freight vehicles",0,0,0,0,0,0,0,0,0,0,0,0,0,0,0,0,0,0,0,0,0,0,0,0,0,0,0,0,0,0,0,0
VOC emission by evaporation,"Road traffic, other",2,1.7,1.2,1,1,1,0.9,0.9,0.9,0.9,0.9,0.9,0.9,0.9,0.9,0.9,0.9,1,1,1,1,1,1,1,1,1,1,1,1,1,1,1
VOC emission by evaporation,Total inland shipping,2.9,3,3.1,4.7,5.2,4.1,3.2,3.2,2.8,2.5,2.2,2.7,2,2.1,2,1.7,2.1,2,2,1.9,2,1.9,2,2,1.3,1.3,1.5,1.5,1.6,1.6,1.6,1.6
VOC emission by evaporation,"Inland shipping, passenger transport",0,0,0,0,0,0,0,0,0,0,0,0,0,0,0,0,0,0,0,0,0,0,0,0,0,0,0,0,0,0,0,0
VOC emission by evaporation,"Inland shipping, freight transport",2.9,3,3,4.6,5.2,4,3.1,3.2,2.7,2.4,2.1,2.6,1.9,2,1.9,1.6,2,1.9,1.9,1.8,1.9,1.8,1.9,1.9,1.2,1.2,1.4,1.5,1.5,1.5,1.5,1.5
VOC emission by evaporation,"Inland shipping, pleasure cruising",0.1,0.1,0.1,0.1,0.1,0.1,0.1,0.1,0.1,0.1,0.1,0.1,0.1,0.1,0.1,0.1,0.1,0.1,0.1,0.1,0.1,0.1,0.1,0.1,0.1,0.1,0.1,0.1,0.1,0.1,0.1,0.1
VOC emission by evaporation,Fishing,0,0,0,0,0,0,0,0,0,0,0,0,0,0,0,0,0,0,0,0,0,0,0,0,0,0,0,0,0,0,0,0
VOC emission by evaporation,Railways total,0,0,0,0,0,0,0,0,0,0,0,0,0,0,0,0,0,0,0,0,0,0,0,0,0,0,0,0,0,0,0,0
VOC emission by evaporation,"Railways, passenger transport",0,0,0,0,0,0,0,0,0,0,0,0,0,0,0,0,0,0,0,0,0,0,0,0,0,0,0,0,0,0,0,0
VOC emission by evaporation,"Railways, freight transport",0,0,0,0,0,0,0,0,0,0,0,0,0,0,0,0,0,0,0,0,0,0,0,0,0,0,0,0,0,0,0,0
VOC emission by evaporation,Aviation,0,0,0.1,0.1,0.1,0.1,0.1,0.1,0.1,0.1,0.1,0.1,0.1,0.1,0.1,0.1,0.1,0.1,0.1,0.1,0.1,0.1,0.1,0.1,0.1,0.1,0.1,0.1,0.1,0.1,0.1,0.1
VOC emission by evaporation,"Seagoing shipping, inland",0,0,0,0,0,0,0,0,0,0,0,0,0,0,0,0,0,0,0,0,0,0,0,0,0,0,0,0,0,0,0,0
VOC emission by evaporation,Seagoing shipping on continental shelf,0,0,0,0,0,0,0,0,0,0,0,0,0,0,0,0,0,0,0,0,0,0,0,0,0,0,0,0,0,0,0,0
VOC emission by evaporation,"Mobile machinery, total",0,0,0,0,0,0,0,0,0,0,0,0,0,0,0,0,0,0,0,0,0,0,0,0,0,0,0,0,0,0,0,0
VOC emission by evaporation,"Mobile machinery, agriculture",0,0,0,0,0,0,0,0,0,0,0,0,0,0,0,0,0,0,0,0,0,0,0,0,0,0,0,0,0,0,0,0
VOC emission by evaporation,"Mobile machinery, building industry",0,0,0,0,0,0,0,0,0,0,0,0,0,0,0,0,0,0,0,0,0,0,0,0,0,0,0,0,0,0,0,0
VOC emission by evaporation,"Mobile machinery, other sectors",0,0,0,0,0,0,0,0,0,0,0,0,0,0,0,0,0,0,0,0,0,0,0,0,0,0,0,0,0,0,0,0
Volatile organic compounds (VOC),Total mobile sources,215.2,186.5,176.3,163.9,153.8,142.8,133.2,123.8,115.3,108.5,95.9,89.2,82.6,77.8,74,70.3,67.9,64.4,63.3,60.3,57.6,55.7,53.2,51.8,49.8,49.5,49,48.9,48.7,48.1,44.2,44.9
Volatile organic compounds (VOC),Total inland transport,203.9,174.9,164.5,151.8,141.4,130.1,120.4,111,102.4,95.1,82.8,76.4,70.4,66.1,62.7,59.1,57.1,54.4,54,51.6,49.6,47.8,45.9,44.8,42.9,42.6,42.5,42.8,42.2,41.5,37.5,38.4
Volatile organic compounds (VOC),"Road traffic, total",194.1,165.4,155,140.1,129.7,118.9,109.9,100.5,92.5,85.4,73.4,66.5,61.4,57,54,51,48.7,46.4,46.1,44.1,42.1,40.6,38.8,38.1,37,36.9,36.8,37,36.1,35.3,31.7,32.1
Volatile organic compounds (VOC),"Road traffic, passenger cars",139.9,117.7,108.7,95.7,86.8,78.2,71,62.7,55.6,49.8,40.4,35.3,31.2,28,25.7,23.4,21.9,21.1,20.6,19.6,19,18.8,18,17.8,17.2,17.2,17.3,17.6,17,16.6,13.7,14
Volatile organic compounds (VOC),"Road traffic, freight vehicles",20.4,20.3,19.6,18,16,14.2,12.4,11,9.9,9.4,8.7,8.2,7.6,7,6.7,6.6,6.5,6.4,6.1,5.6,5.2,4.9,4.5,4.7,5,5.4,5.8,6.2,6.6,6.8,6.9,7.1
Volatile organic compounds (VOC),"Road traffic, other",33.7,27.4,26.7,26.4,26.8,26.6,26.5,26.8,27,26.2,24.3,23,22.6,22,21.6,21,20.4,18.9,19.4,18.9,18,17,16.3,15.6,14.8,14.3,13.6,13.2,12.5,11.9,11,11
Volatile organic compounds (VOC),Total inland shipping,8.3,8.1,8.1,10.2,10.3,9.6,8.9,8.9,8.2,8.1,7.8,8.3,7.5,7.5,7.1,6.5,6.7,6.4,6.1,5.9,5.9,5.6,5.6,5.3,4.3,4.1,4.2,4.3,4.3,4.2,4.1,4.5
Volatile organic compounds (VOC),"Inland shipping, passenger transport",0.2,0.2,0.2,0.2,0.2,0.2,0.2,0.2,0.2,0.2,0.2,0.2,0.2,0.2,0.2,0.2,0.2,0.2,0.2,0.2,0.2,0.2,0.2,0.2,0.2,0.2,0.2,0.2,0.2,0.2,0.2,0.2
Volatile organic compounds (VOC),"Inland shipping, freight transport",4.8,4.8,4.8,6.4,6.9,5.7,4.7,5,4.3,4,3.7,4.3,3.5,3.6,3.3,2.9,3.3,3.1,3,3,3.2,3.1,3.3,3.2,2.5,2.5,2.6,2.7,2.7,2.5,2.5,2.6
Volatile organic compounds (VOC),"Inland shipping, pleasure cruising",3.4,3.1,3.1,3.6,3.2,3.7,4,3.6,3.7,3.8,3.8,3.8,3.8,3.8,3.7,3.4,3.2,3.1,2.9,2.7,2.5,2.3,2.1,1.9,1.7,1.4,1.4,1.4,1.4,1.4,1.4,1.6
Volatile organic compounds (VOC),Fishing,0.4,0.4,0.4,0.4,0.4,0.4,0.4,0.4,0.4,0.4,0.4,0.4,0.3,0.3,0.3,0.3,0.2,0.2,0.2,0.2,0.2,0.1,0.1,0.1,0.1,0.1,0.1,0.1,0.1,0.2,0.1,0.1
Volatile organic compounds (VOC),Railways total,0.1,0.1,0.1,0.1,0.1,0.1,0.1,0.1,0.1,0.1,0.1,0.1,0.1,0.1,0.1,0.1,0.1,0.1,0.1,0.1,0.1,0.1,0.1,0.1,0.1,0.1,0.1,0.1,0.1,0.1,0.1,0.1
Volatile organic compounds (VOC),"Railways, passenger transport",0.1,0.1,0.1,0.1,0.1,0.1,0.1,0.1,0.1,0.1,0.1,0.1,0.1,0,0.1,0.1,0.1,0,0,0.1,0.1,0.1,0,0,0.1,0.1,0.1,0.1,0.1,0.1,0.1,0.1
Volatile organic compounds (VOC),"Railways, freight transport",0,0,0,0,0,0,0,0,0,0,0,0,0,0,0,0,0,0,0,0,0,0,0,0,0,0,0,0,0,0,0,0
Volatile organic compounds (VOC),Aviation,0.5,0.5,0.5,0.5,0.5,0.5,0.5,0.5,0.5,0.5,0.5,0.4,0.4,0.5,0.5,0.5,0.6,0.6,0.6,0.5,0.5,0.5,0.5,0.5,0.5,0.5,0.5,0.5,0.5,0.5,0.3,0.3
Volatile organic compounds (VOC),"Seagoing shipping, inland",0.5,0.5,0.5,0.5,0.5,0.5,0.5,0.6,0.6,0.6,0.7,0.7,0.7,0.7,0.7,0.7,0.7,0.7,0.9,0.8,0.8,0.8,0.8,0.7,0.8,0.9,0.8,0.8,1.1,1.2,1.2,1.2
Volatile organic compounds (VOC),Seagoing shipping on continental shelf,2.3,2.1,2.2,2.3,2.3,2.4,2.5,2.6,2.7,2.8,2.9,3,3,3,3.1,3.2,3.3,3,2.6,2.6,2.2,2.3,2.1,2,2.2,2.4,2.3,2.2,2.8,3.1,3.3,3.3
Volatile organic compounds (VOC),"Mobile machinery, total",9,9.5,9.6,9.8,10.1,10.3,10.4,10.3,10.2,10.6,10.2,9.9,9.2,8.7,8.2,8,7.5,7.1,6.7,6.2,5.7,5.6,5.2,5,4.8,4.4,4.1,3.8,3.7,3.5,3.4,3.2
Volatile organic compounds (VOC),"Mobile machinery, agriculture",3.1,3.1,3.1,3.1,3.1,3.2,3,3,3,3.1,3.1,2.9,2.7,2.6,2.3,2.2,2,1.8,1.6,1.5,1.4,1.4,1.2,1.2,1.2,1.1,1,0.9,0.9,0.9,0.8,0.8
Volatile organic compounds (VOC),"Mobile machinery, building industry",3.9,4,3.9,3.9,4,3.9,4.1,4,3.9,4.2,3.8,3.7,3.2,2.9,2.8,2.7,2.5,2.3,2.2,2,1.7,1.7,1.5,1.4,1.4,1.3,1.3,1.2,1.1,1.1,1.1,1
Volatile organic compounds (VOC),"Mobile machinery, other sectors",2,2.3,2.6,2.8,3,3.2,3.2,3.3,3.3,3.3,3.3,3.3,3.3,3.2,3.2,3.1,3,2.9,2.8,2.8,2.7,2.5,2.5,2.4,2.2,2,1.9,1.7,1.6,1.6,1.5,1.4
Methane (CH4),Total mobile sources,8.2,7,6.7,6.2,5.9,5.6,5.4,5.1,4.9,4.7,4.3,4.2,4.1,4,4,3.9,3.8,3.8,3.8,3.6,3.5,3.4,3.4,3.4,3.4,3.4,3.5,3.5,4,4.2,4.1,4.1
Methane (CH4),Total inland transport,7.7,6.6,6.3,5.7,5.4,5.1,4.9,4.6,4.3,4.1,3.8,3.7,3.6,3.5,3.5,3.4,3.4,3.3,3.4,3.3,3.2,3.1,3.1,3.1,3.1,3.1,3.2,3.2,3.3,3.3,2.8,2.8
Methane (CH4),"Road traffic, total",7.6,6.4,6.1,5.6,5.3,5,4.7,4.4,4.2,4,3.6,3.5,3.5,3.4,3.4,3.3,3.3,3.2,3.3,3.1,3.1,3,2.9,3,3,3,3,3.1,3.1,3,2.6,2.6
Methane (CH4),"Road traffic, passenger cars",5.2,4.4,4.1,3.7,3.4,3.2,3,2.8,2.5,2.4,2.2,2.1,2.1,2.1,2.1,2,2,2,2.1,2,2,2,1.9,1.9,1.9,2,2,2.1,2,1.9,1.6,1.6
Methane (CH4),"Road traffic, freight vehicles",0.9,0.9,0.8,0.8,0.7,0.6,0.5,0.5,0.4,0.4,0.4,0.4,0.3,0.3,0.3,0.3,0.3,0.3,0.3,0.3,0.3,0.3,0.2,0.3,0.3,0.3,0.4,0.4,0.4,0.5,0.5,0.5
Methane (CH4),"Road traffic, other",1.5,1.2,1.2,1.2,1.2,1.2,1.2,1.2,1.2,1.2,1.1,1,1,1,1,1,0.9,0.9,0.9,0.9,0.8,0.8,0.8,0.8,0.7,0.7,0.7,0.6,0.6,0.6,0.5,0.5
Methane (CH4),Total inland shipping,0.1,0.1,0.1,0.1,0.1,0.1,0.1,0.1,0.1,0.1,0.1,0.1,0.1,0.1,0.1,0.1,0.1,0.1,0.1,0.1,0.1,0.1,0.1,0.1,0.1,0.1,0.1,0.1,0.1,0.1,0.1,0.1
Methane (CH4),"Inland shipping, passenger transport",0,0,0,0,0,0,0,0,0,0,0,0,0,0,0,0,0,0,0,0,0,0,0,0,0,0,0,0,0,0,0,0
Methane (CH4),"Inland shipping, freight transport",0.1,0.1,0.1,0.1,0.1,0.1,0.1,0.1,0.1,0.1,0.1,0.1,0.1,0.1,0.1,0.1,0,0,0,0,0.1,0.1,0.1,0.1,0.1,0.1,0,0,0.1,0,0,0
Methane (CH4),"Inland shipping, pleasure cruising",0,0,0,0,0,0,0,0,0,0,0,0,0,0,0,0,0,0,0,0,0,0,0,0,0,0,0,0,0,0,0,0
Methane (CH4),Fishing,0,0,0,0,0,0,0,0,0,0,0,0,0,0,0,0,0,0,0,0,0,0,0,0,0,0,0,0,0,0,0,0
Methane (CH4),Railways total,0,0,0,0,0,0,0,0,0,0,0,0,0,0,0,0,0,0,0,0,0,0,0,0,0,0,0,0,0,0,0,0
Methane (CH4),"Railways, passenger transport",0,0,0,0,0,0,0,0,0,0,0,0,0,0,0,0,0,0,0,0,0,0,0,0,0,0,0,0,0,0,0,0
Methane (CH4),"Railways, freight transport",0,0,0,0,0,0,0,0,0,0,0,0,0,0,0,0,0,0,0,0,0,0,0,0,0,0,0,0,0,0,0,0
Methane (CH4),Aviation,0,0,0,0,0,0,0,0,0,0,0,0,0,0,0,0,0,0,0,0,0,0,0,0,0,0,0,0,0,0,0,0
Methane (CH4),"Seagoing shipping, inland",0,0,0,0,0,0,0,0,0,0,0,0,0,0,0,0,0,0,0,0,0,0,0,0,0,0,0.1,0.1,0.1,0.2,0.2,0.2
Methane (CH4),Seagoing shipping on continental shelf,0.1,0.1,0.1,0.1,0.1,0.1,0.1,0.1,0.1,0.1,0.1,0.1,0.1,0.1,0.1,0.1,0.1,0.1,0.1,0.1,0.1,0.1,0.1,0.1,0.1,0.1,0.1,0.1,0.6,0.8,1.1,1.1
Methane (CH4),"Mobile machinery, total",0.4,0.4,0.4,0.4,0.4,0.4,0.4,0.4,0.4,0.5,0.4,0.4,0.4,0.4,0.4,0.3,0.3,0.3,0.3,0.3,0.2,0.2,0.2,0.2,0.2,0.2,0.2,0.2,0.2,0.2,0.1,0.1
Methane (CH4),"Mobile machinery, agriculture",0.1,0.1,0.1,0.1,0.1,0.1,0.1,0.1,0.1,0.1,0.1,0.1,0.1,0.1,0.1,0.1,0.1,0.1,0.1,0.1,0.1,0.1,0.1,0.1,0.1,0,0,0,0,0,0,0
Methane (CH4),"Mobile machinery, building industry",0.2,0.2,0.2,0.2,0.2,0.2,0.2,0.2,0.2,0.2,0.2,0.2,0.1,0.1,0.1,0.1,0.1,0.1,0.1,0.1,0.1,0.1,0.1,0.1,0.1,0.1,0.1,0,0,0,0,0
Methane (CH4),"Mobile machinery, other sectors",0.1,0.1,0.1,0.1,0.1,0.1,0.1,0.1,0.1,0.1,0.1,0.1,0.1,0.1,0.1,0.1,0.1,0.1,0.1,0.1,0.1,0.1,0.1,0.1,0.1,0.1,0.1,0.1,0.1,0.1,0.1,0.1
NMVOS,Total mobile sources,207,179.5,169.6,157.6,147.9,137.1,127.8,118.7,110.4,103.8,91.6,84.9,78.5,73.8,70,66.3,64,60.6,59.5,56.7,54,52.2,49.8,48.3,46.4,46,45.5,45.3,44.7,43.8,40.1,40.8
NMVOS,Total inland transport,196.1,168.3,158.3,146,136,125,115.5,106.4,98,90.9,79,72.7,66.8,62.5,59.2,55.6,53.6,51,50.6,48.3,46.4,44.7,42.8,41.7,39.8,39.5,39.4,39.5,38.9,38.1,34.6,35.5
NMVOS,"Road traffic, total",186.4,159,148.9,134.5,124.4,113.9,105.2,96,88.3,81.4,69.7,62.9,57.9,53.6,50.6,47.7,45.4,43.1,42.8,40.9,39,37.6,35.8,35.1,34,33.8,33.7,33.9,33,32.3,29,29.5
NMVOS,"Road traffic, passenger cars",134.6,113.4,104.6,92,83.4,75,68,60,53.1,47.4,38.2,33.2,29.1,25.9,23.6,21.3,19.8,19.1,18.5,17.6,17,16.8,16.1,15.8,15.2,15.2,15.3,15.6,15,14.7,12.1,12.4
NMVOS,"Road traffic, freight vehicles",19.5,19.4,18.7,17.2,15.3,13.6,11.8,10.5,9.5,9,8.3,7.8,7.2,6.7,6.4,6.3,6.1,6,5.8,5.3,4.8,4.6,4.2,4.4,4.7,5.1,5.4,5.7,6.1,6.3,6.4,6.6
NMVOS,"Road traffic, other",32.3,26.2,25.5,25.3,25.6,25.4,25.3,25.6,25.8,25,23.2,21.9,21.5,21,20.6,20.1,19.5,18,18.5,18.1,17.2,16.2,15.5,14.8,14.1,13.6,13,12.5,11.9,11.3,10.5,10.5
NMVOS,Total inland shipping,8.2,8,8,10.1,10.2,9.5,8.8,8.8,8.2,8,7.7,8.2,7.4,7.5,7.1,6.4,6.6,6.3,6.1,5.8,5.8,5.6,5.5,5.2,4.3,4.1,4.2,4.2,4.3,4.1,4,4.4
NMVOS,"Inland shipping, passenger transport",0.2,0.2,0.2,0.2,0.2,0.2,0.2,0.2,0.2,0.2,0.2,0.2,0.2,0.2,0.2,0.2,0.2,0.2,0.2,0.2,0.2,0.2,0.2,0.2,0.2,0.2,0.2,0.2,0.2,0.2,0.2,0.2
NMVOS,"Inland shipping, freight transport",4.7,4.7,4.7,6.3,6.8,5.6,4.7,4.9,4.2,4,3.7,4.2,3.4,3.5,3.2,2.9,3.2,3.1,3,2.9,3.1,3.1,3.2,3.2,2.4,2.5,2.6,2.6,2.7,2.5,2.5,2.6
NMVOS,"Inland shipping, pleasure cruising",3.3,3.1,3.1,3.6,3.2,3.7,3.9,3.6,3.7,3.8,3.8,3.8,3.8,3.8,3.7,3.4,3.2,3,2.9,2.7,2.5,2.3,2.1,1.9,1.6,1.4,1.4,1.4,1.4,1.4,1.4,1.6
NMVOS,Fishing,0.4,0.4,0.4,0.4,0.4,0.4,0.4,0.4,0.4,0.4,0.4,0.4,0.3,0.3,0.3,0.2,0.2,0.2,0.2,0.2,0.1,0.1,0.1,0.1,0.1,0.1,0.1,0.1,0.1,0.2,0.1,0.1
NMVOS,Railways total,0.1,0.1,0.1,0.1,0.1,0.1,0.1,0.1,0.1,0.1,0.1,0.1,0.1,0.1,0.1,0.1,0.1,0.1,0.1,0.1,0.1,0.1,0.1,0.1,0.1,0.1,0.1,0.1,0.1,0.1,0.1,0.1
NMVOS,"Railways, passenger transport",0,0,0,0,0,0,0.1,0.1,0.1,0,0.1,0.1,0,0,0,0,0,0,0,0,0,0,0,0,0,0.1,0.1,0.1,0.1,0.1,0.1,0.1
NMVOS,"Railways, freight transport",0,0,0,0,0,0,0,0,0,0,0,0,0,0,0,0,0,0,0,0,0,0,0,0,0,0,0,0,0,0,0,0
NMVOS,Aviation,0.5,0.5,0.5,0.5,0.5,0.5,0.5,0.5,0.5,0.5,0.4,0.4,0.4,0.5,0.5,0.5,0.5,0.5,0.5,0.5,0.5,0.5,0.5,0.5,0.5,0.5,0.5,0.5,0.5,0.5,0.3,0.3
NMVOS,"Seagoing shipping, inland",0.5,0.5,0.5,0.5,0.5,0.5,0.5,0.6,0.6,0.6,0.6,0.6,0.6,0.7,0.7,0.7,0.7,0.7,0.9,0.8,0.8,0.8,0.8,0.7,0.8,0.9,0.8,0.8,0.9,1,1.1,1.1
NMVOS,Seagoing shipping on continental shelf,2.2,2.1,2.1,2.2,2.2,2.3,2.4,2.4,2.6,2.6,2.8,2.8,2.9,2.9,3,3,3.2,2.9,2.5,2.5,2.2,2.2,2,1.9,2.1,2.3,2.2,2.1,2.2,2.3,2.2,2.2
NMVOS,"Mobile machinery, total",8.6,9.1,9.2,9.4,9.7,9.9,9.9,9.8,9.8,10.2,9.7,9.4,8.8,8.3,7.9,7.7,7.2,6.7,6.4,6,5.5,5.4,5,4.8,4.6,4.2,4,3.7,3.6,3.4,3.2,3.1
NMVOS,"Mobile machinery, agriculture",3,3,2.9,2.9,2.9,3.1,2.9,2.9,2.8,3,2.9,2.8,2.6,2.5,2.2,2.1,1.9,1.8,1.6,1.4,1.4,1.3,1.2,1.1,1.1,1.1,0.9,0.9,0.9,0.8,0.8,0.8
NMVOS,"Mobile machinery, building industry",3.8,3.8,3.7,3.7,3.8,3.8,4,3.8,3.8,4,3.6,3.5,3.1,2.8,2.7,2.6,2.4,2.2,2.1,1.9,1.6,1.6,1.4,1.4,1.3,1.2,1.2,1.1,1.1,1,1,1
NMVOS,"Mobile machinery, other sectors",1.9,2.2,2.5,2.7,2.9,3,3.1,3.1,3.2,3.2,3.2,3.1,3.1,3.1,3,3,2.9,2.8,2.7,2.6,2.5,2.4,2.4,2.3,2.1,1.9,1.8,1.7,1.6,1.5,1.4,1.3
Nitrogen oxides (NOx),Total mobile sources,426,410.9,406.2,391.8,379.8,371.4,364.6,364.1,357.1,364.7,361,356.6,348,344.2,341.5,339.7,340.9,330.4,312.1,293,284.9,283.5,268,251.4,253.1,257.3,251.9,244.9,242,237.8,222.8,221.2
Nitrogen oxides (NOx),Total inland transport,311.1,301.4,294.1,276.3,260.3,248.2,238,234.3,223.2,224,217.2,211.3,203.5,199.2,195.3,191.7,189,188.1,186.5,171.7,168.2,164.6,160.4,150.2,147.4,147.2,142.8,140.2,138,131.6,119.4,118.8
Nitrogen oxides (NOx),"Road traffic, total",257.9,249.1,242.4,224.7,209.6,196.5,185.6,175.4,167.5,167.1,158.6,151.5,145.5,140.5,137.9,135.2,132,131,127.3,119.8,113.9,109.3,103.5,96.1,90.6,88.9,85.3,82.6,76.8,70.8,60.1,58.1
Nitrogen oxides (NOx),"Road traffic, passenger cars",142.7,130.4,121.9,109.3,100.6,91.2,86.2,79.5,73.8,70.1,63,57.5,53.1,49.5,46.9,43.3,40.9,39.1,36.7,34.4,33.3,32.9,32.1,30.9,29.7,30.2,28.9,29.2,27.6,25.7,19.6,19.1
Nitrogen oxides (NOx),"Road traffic, freight vehicles",104.6,108.2,110.1,105.3,98.9,95.1,89.3,86.3,84.5,87.6,86.4,85.2,83.6,82.8,83.5,84.5,84.3,85.2,84.2,79.4,75,71.1,66.5,60.7,56.9,55,53.1,50.1,46.2,42.4,38.4,37
Nitrogen oxides (NOx),"Road traffic, other",10.6,10.5,10.3,10.2,10.1,10.2,10.1,9.6,9.3,9.4,9.2,8.8,8.8,8.2,7.6,7.3,6.8,6.7,6.3,5.9,5.6,5.3,4.9,4.5,4.1,3.7,3.4,3.3,3,2.7,2.2,2
Nitrogen oxides (NOx),Total inland shipping,30.7,29.7,29,28.5,27.5,27.3,27.5,32,28.4,29.3,30,31.2,30.3,31.1,29.1,28.1,27.6,28,27.8,23.1,24.6,26.1,28,27.3,27.6,27.9,27.4,27.9,28,25.3,24.6,25.7
Nitrogen oxides (NOx),"Inland shipping, passenger transport",1.6,1.6,1.7,1.8,1.8,1.8,1.8,1.8,1.8,1.8,1.8,1.8,1.8,1.8,1.8,1.8,1.8,1.8,1.8,1.8,1.8,1.8,1.8,1.8,1.8,1.8,1.8,1.8,1.8,1.8,1.8,1.9
Nitrogen oxides (NOx),"Inland shipping, freight transport",27.2,26.4,25.6,24.7,23.9,23.4,23.4,27.9,24.4,25.3,26,27.2,26.3,27.1,25.1,24.1,23.6,24,23.8,19,20.5,22,23.9,23.2,23.5,23.7,23.3,23.7,23.8,21.2,20.9,21.9
Nitrogen oxides (NOx),"Inland shipping, pleasure cruising",1.9,1.8,1.8,2,1.8,2.1,2.3,2.2,2.2,2.2,2.2,2.2,2.2,2.2,2.2,2.2,2.2,2.2,2.2,2.3,2.3,2.3,2.3,2.3,2.3,2.3,2.3,2.3,2.3,2.3,1.8,1.9
Nitrogen oxides (NOx),Fishing,6.1,6,5.8,5.8,6,6.8,6.6,6.8,6.7,6.9,6.7,6.5,5.4,4.9,4.7,4.6,4.4,3.8,3.5,3.3,3.2,2.6,2,2.4,2.4,2.5,2.6,2.1,2.5,4,3,3
Nitrogen oxides (NOx),Railways total,2.2,2.2,2.3,2.3,2.3,2.3,2.4,2.6,2.5,2.3,2.8,2.7,2.6,2.5,2.7,2.6,2.6,2.6,2.6,2.3,2.6,2.5,2.1,2,2.1,2.2,2.2,2,1.7,1.6,1.6,1.6
Nitrogen oxides (NOx),"Railways, passenger transport",0.8,0.8,0.8,0.8,0.8,0.8,0.8,0.9,0.9,0.8,0.9,0.9,0.8,0.8,0.8,0.8,0.8,0.8,0.8,0.8,0.8,0.8,0.7,0.7,0.8,0.9,1,0.9,0.8,0.8,0.9,0.9
Nitrogen oxides (NOx),"Railways, freight transport",1.5,1.5,1.5,1.5,1.5,1.5,1.6,1.7,1.6,1.5,1.9,1.8,1.8,1.8,1.9,1.8,1.8,1.8,1.8,1.5,1.8,1.7,1.4,1.3,1.3,1.3,1.2,1.1,0.9,0.8,0.8,0.8
Nitrogen oxides (NOx),Aviation,1.4,1.5,1.6,1.8,1.9,2.1,2.3,2.4,2.4,2.5,2.7,2.7,2.7,2.9,3,3.2,3.2,3.3,3.3,3,3.2,3.3,3.3,3.4,3.5,3.6,3.8,4,4.2,4.1,2.3,2.6
Nitrogen oxides (NOx),"Seagoing shipping, inland",12.8,12.9,13,13.1,13,13.2,13.7,15.2,15.6,15.8,16.4,16.8,17,17.3,17.8,18,19.1,19.4,22.1,20.1,20.7,20.7,21.5,19,21.1,22.2,21.4,21.6,24.8,25.8,27.8,27.8
Nitrogen oxides (NOx),Seagoing shipping on continental shelf,75.7,69.7,71.7,73.7,75.7,77.7,79.9,82.8,86.3,89.5,94.4,96.8,99,101.2,104.1,105.7,111.5,102.6,86.6,83.9,81.9,83.8,75.5,69.8,74.3,80.7,81.2,79,78,81.7,79.3,79.3
Nitrogen oxides (NOx),"Mobile machinery, total",39.3,39.8,40.5,41.9,43.8,45.5,46.7,47,47.6,51.1,49.4,48.6,45.5,43.8,42.1,42.3,40.5,39.7,39,37.5,34.8,35.2,32.2,31.3,31.4,29.3,28,25.7,26,24.4,24.1,23.1
Nitrogen oxides (NOx),"Mobile machinery, agriculture",13.2,12.8,12.7,12.9,13,13.9,13.1,13.1,13.2,14.6,14.7,14.3,13.6,13.5,12.6,12.9,12.2,11.9,11.2,10.7,10.7,10.7,9.9,9.7,10.5,10.3,9.1,8.4,9.2,8.3,8,7.7
Nitrogen oxides (NOx),"Mobile machinery, building industry",20.4,20.6,20.4,20.8,21.8,22.1,23.7,23.6,23.7,25.6,23.8,23.4,21.1,19.6,18.9,19.1,18.1,17.5,17.4,16.7,14.3,15,13.1,12.9,12.6,11.3,11.8,10.6,10.4,9.8,9.9,9.5
Nitrogen oxides (NOx),"Mobile machinery, other sectors",5.6,6.5,7.4,8.3,9,9.5,9.9,10.3,10.7,10.9,10.9,10.9,10.8,10.7,10.5,10.4,10.2,10.3,10.3,10.1,9.8,9.5,9.1,8.6,8.2,7.7,7.1,6.7,6.4,6.3,6.2,5.8
Dinitrogen oxide (N2O),Total mobile sources,0.5,0.6,0.7,0.8,0.9,1,1,1,1,1.1,1.1,1.1,1.1,1.1,1,1.1,1.2,1.2,1.3,1.3,1.3,1.3,1.3,1.4,1.3,1.4,1.5,1.6,1.6,1.6,1.5,1.5
Dinitrogen oxide (N2O),Total inland transport,0.4,0.5,0.6,0.7,0.8,0.9,0.9,0.9,0.9,0.9,1,1,0.9,0.9,0.9,1,1,1.1,1.2,1.2,1.2,1.2,1.2,1.3,1.2,1.3,1.3,1.5,1.5,1.5,1.3,1.4
Dinitrogen oxide (N2O),"Road traffic, total",0.3,0.4,0.5,0.6,0.7,0.8,0.8,0.8,0.8,0.8,0.9,0.9,0.8,0.8,0.8,0.9,0.9,1,1,1.1,1.1,1.1,1.1,1.1,1.1,1.2,1.2,1.3,1.3,1.4,1.2,1.3
Dinitrogen oxide (N2O),"Road traffic, passenger cars",0.2,0.3,0.4,0.5,0.6,0.6,0.6,0.7,0.7,0.7,0.7,0.7,0.7,0.7,0.6,0.7,0.7,0.8,0.8,0.8,0.8,0.8,0.8,0.8,0.7,0.8,0.8,0.9,0.8,0.9,0.7,0.8
Dinitrogen oxide (N2O),"Road traffic, freight vehicles",0.1,0.1,0.1,0.1,0.1,0.1,0.1,0.1,0.1,0.2,0.2,0.2,0.2,0.2,0.2,0.2,0.2,0.2,0.2,0.2,0.3,0.3,0.3,0.3,0.4,0.4,0.4,0.4,0.5,0.5,0.5,0.5
Dinitrogen oxide (N2O),"Road traffic, other",0,0,0,0,0,0,0,0,0,0,0,0,0,0,0,0,0,0,0,0,0,0,0,0,0,0,0,0,0,0,0,0
Dinitrogen oxide (N2O),Total inland shipping,0,0,0,0,0,0,0,0.1,0,0,0,0.1,0.1,0.1,0,0,0,0,0,0,0,0,0,0,0,0,0,0,0,0,0,0
Dinitrogen oxide (N2O),"Inland shipping, passenger transport",0,0,0,0,0,0,0,0,0,0,0,0,0,0,0,0,0,0,0,0,0,0,0,0,0,0,0,0,0,0,0,0
Dinitrogen oxide (N2O),"Inland shipping, freight transport",0,0,0,0,0,0,0,0,0,0,0,0,0,0,0,0,0,0,0,0,0,0,0,0,0,0,0,0,0,0,0,0
Dinitrogen oxide (N2O),"Inland shipping, pleasure cruising",0,0,0,0,0,0,0,0,0,0,0,0,0,0,0,0,0,0,0,0,0,0,0,0,0,0,0,0,0,0,0,0
Dinitrogen oxide (N2O),Fishing,0,0,0,0,0,0,0,0,0,0,0,0,0,0,0,0,0,0,0,0,0,0,0,0,0,0,0,0,0,0,0,0
Dinitrogen oxide (N2O),Railways total,0,0,0,0,0,0,0,0,0,0,0,0,0,0,0,0,0,0,0,0,0,0,0,0,0,0,0,0,0,0,0,0
Dinitrogen oxide (N2O),"Railways, passenger transport",0,0,0,0,0,0,0,0,0,0,0,0,0,0,0,0,0,0,0,0,0,0,0,0,0,0,0,0,0,0,0,0
Dinitrogen oxide (N2O),"Railways, freight transport",0,0,0,0,0,0,0,0,0,0,0,0,0,0,0,0,0,0,0,0,0,0,0,0,0,0,0,0,0,0,0,0
Dinitrogen oxide (N2O),Aviation,0,0,0,0,0,0,0,0,0,0,0,0,0,0,0,0,0,0,0,0,0,0,0,0,0,0,0,0,0,0,0,0
Dinitrogen oxide (N2O),"Seagoing shipping, inland",0,0,0,0,0,0,0,0,0,0,0,0,0,0,0,0,0,0,0,0,0,0,0,0,0,0,0,0,0,0,0.1,0.1
Dinitrogen oxide (N2O),Seagoing shipping on continental shelf,0.1,0.1,0.1,0.1,0.1,0.1,0.1,0.1,0.1,0.1,0.1,0.1,0.1,0.1,0.1,0.1,0.1,0.1,0.1,0.1,0.1,0.1,0.1,0.1,0.1,0.1,0.1,0.1,0.1,0.1,0.1,0.1
Dinitrogen oxide (N2O),"Mobile machinery, total",0,0,0,0,0,0,0,0,0,0,0,0,0,0,0,0,0,0,0,0,0,0,0,0,0,0,0,0,0,0,0,0
Dinitrogen oxide (N2O),"Mobile machinery, agriculture",0,0,0,0,0,0,0,0,0,0,0,0,0,0,0,0,0,0,0,0,0,0,0,0,0,0,0,0,0,0,0,0
Dinitrogen oxide (N2O),"Mobile machinery, building industry",0,0,0,0,0,0,0,0,0,0,0,0,0,0,0,0,0,0,0,0,0,0,0,0,0,0,0,0,0,0,0,0
Dinitrogen oxide (N2O),"Mobile machinery, other sectors",0,0,0,0,0,0,0,0,0,0,0,0,0,0,0,0,0,0,0,0,0,0,0,0,0,0,0,0,0,0,0,0
Sulphur dioxide (SO2),Total mobile sources,71.8,68.7,70.5,71.7,72.4,72.8,71.3,69.6,71.8,74.6,76,73.2,72,71,68.3,70.8,73.7,66.1,44.8,42.3,37,26.6,24.6,22.7,24,12.5,6,5.7,5.2,4.8,4,4
Sulphur dioxide (SO2),Total inland transport,24.3,24.6,25.3,25.3,24.7,24,21.2,17.7,17.8,18.5,17.1,14.7,14.4,14.1,14.1,13.6,14.1,13.2,11.2,10.1,6.8,4.8,4.8,4.4,4.6,1.7,1.5,1.5,1.9,1.9,1.6,1.6
Sulphur dioxide (SO2),"Road traffic, total",13.3,13.6,14.1,14,13.5,12.5,9.3,4.4,4.6,4.9,3.1,0.8,0.8,0.5,0.6,0.2,0.3,0.3,0.2,0.2,0.2,0.2,0.2,0.2,0.2,0.2,0.2,0.2,0.2,0.2,0.2,0.2
Sulphur dioxide (SO2),"Road traffic, passenger cars",4.6,4.5,4.5,4.2,4,3.6,2.7,1.5,1.6,1.7,1.3,0.5,0.5,0.3,0.3,0.2,0.2,0.2,0.1,0.1,0.1,0.1,0.1,0.1,0.1,0.1,0.1,0.1,0.1,0.1,0.1,0.1
Sulphur dioxide (SO2),"Road traffic, freight vehicles",8,8.5,9,9.1,8.9,8.3,6.2,2.7,2.8,3,1.7,0.3,0.2,0.2,0.2,0.1,0.1,0.1,0.1,0.1,0.1,0.1,0.1,0.1,0.1,0.1,0.1,0.1,0.1,0.1,0.1,0.1
Sulphur dioxide (SO2),"Road traffic, other",0.7,0.7,0.7,0.7,0.7,0.6,0.5,0.2,0.2,0.2,0.1,0,0,0,0,0,0,0,0,0,0,0,0,0,0,0,0,0,0,0,0,0
Sulphur dioxide (SO2),Total inland shipping,1.9,1.9,2,2,2,2,2,2.3,2.1,2.1,2.2,2.3,2.2,2.2,2.1,2,2,2,1.2,1,0.5,0,0,0,0,0,0,0,0,0,0,0
Sulphur dioxide (SO2),"Inland shipping, passenger transport",0.1,0.1,0.1,0.1,0.1,0.1,0.1,0.1,0.1,0.1,0.1,0.1,0.1,0.1,0.1,0.1,0.1,0.1,0.1,0.1,0,0,0,0,0,0,0,0,0,0,0,0
Sulphur dioxide (SO2),"Inland shipping, freight transport",1.7,1.7,1.7,1.8,1.8,1.7,1.7,2.1,1.8,1.9,1.9,2,1.9,2,1.9,1.8,1.7,1.8,1,0.9,0.5,0,0,0,0,0,0,0,0,0,0,0
Sulphur dioxide (SO2),"Inland shipping, pleasure cruising",0.1,0.1,0.1,0.1,0.1,0.1,0.1,0.1,0.1,0.1,0.1,0.1,0.1,0.1,0.1,0.1,0.1,0.1,0.1,0,0,0,0,0,0,0,0,0,0,0,0,0
Sulphur dioxide (SO2),Fishing,1.4,1.4,1.4,1.5,1.4,1.6,1.6,1.7,1.5,1.5,1.4,1.3,1.1,1,0.9,0.9,0.9,0.7,0.5,0.5,0.4,0.2,0.2,0.2,0.3,0.1,0.1,0.1,0.1,0.2,0.1,0.1
Sulphur dioxide (SO2),Railways total,0.1,0.1,0.1,0.1,0.1,0.1,0.1,0.1,0.1,0.1,0.1,0.1,0.1,0.1,0.1,0.1,0.1,0.1,0.1,0,0,0,0,0,0,0,0,0,0,0,0,0
Sulphur dioxide (SO2),"Railways, passenger transport",0,0,0,0,0,0,0,0,0,0,0,0,0,0,0,0,0,0,0,0,0,0,0,0,0,0,0,0,0,0,0,0
Sulphur dioxide (SO2),"Railways, freight transport",0.1,0.1,0.1,0.1,0.1,0.1,0.1,0.1,0.1,0.1,0.1,0.1,0.1,0.1,0.1,0.1,0.1,0.1,0,0,0,0,0,0,0,0,0,0,0,0,0,0
Sulphur dioxide (SO2),Aviation,0.1,0.1,0.1,0.1,0.2,0.2,0.2,0.2,0.2,0.2,0.2,0.2,0.2,0.2,0.2,0.2,0.2,0.2,0.3,0.2,0.2,0.2,0.2,0.2,0.2,0.3,0.3,0.3,0.3,0.3,0.1,0.2
Sulphur dioxide (SO2),"Seagoing shipping, inland",7.4,7.5,7.5,7.6,7.6,7.7,8,9.1,9.4,9.6,10.1,10,10.1,10,10.2,10,10.6,9.8,9,8.2,5.4,4.1,4.2,3.7,3.9,1.1,0.9,0.9,1.3,1.2,1.2,1.2
Sulphur dioxide (SO2),Seagoing shipping on continental shelf,44.3,40.8,42,43.2,44.3,45.5,46.8,48.5,50.6,52.5,55.4,54.9,54.3,53.5,50.9,53.8,56.3,49.8,31.8,31.4,29.9,21.7,19.8,18.3,19.4,10.7,4.4,4.1,3.2,2.9,2.4,2.4
Sulphur dioxide (SO2),"Mobile machinery, total",3.2,3.2,3.2,3.3,3.3,3.3,3.3,3.3,3.4,3.6,3.5,3.5,3.4,3.3,3.3,3.5,3.3,3.2,1.7,0.8,0.3,0,0,0,0,0,0,0,0,0,0,0
Sulphur dioxide (SO2),"Mobile machinery, agriculture",1.2,1.2,1.2,1.2,1.2,1.2,1.1,1.1,1.1,1.2,1.2,1.2,1.1,1.2,1.1,1.2,1.1,1.1,0.6,0.3,0.1,0,0,0,0,0,0,0,0,0,0,0
Sulphur dioxide (SO2),"Mobile machinery, building industry",1.6,1.6,1.6,1.6,1.7,1.6,1.8,1.7,1.8,1.9,1.8,1.8,1.7,1.6,1.7,1.7,1.7,1.6,0.9,0.4,0.2,0,0,0,0,0,0,0,0,0,0,0
Sulphur dioxide (SO2),"Mobile machinery, other sectors",0.3,0.4,0.4,0.4,0.5,0.5,0.5,0.5,0.5,0.5,0.5,0.5,0.5,0.5,0.5,0.6,0.4,0.4,0.2,0.1,0.1,0,0,0,0,0,0,0,0,0,0,0
PM10 (Particulate matter),Total mobile sources,29.4,28.3,28,26.9,26.2,25.4,24.6,24.3,23.8,24.3,24,23.4,22.4,21.7,21,20.8,20.4,19.1,17,16,14.9,13.4,12.5,11.6,11.4,10.7,9.6,9.2,9.2,8.9,8.2,8.2
PM10 (Particulate matter),Total inland transport,20.1,19.4,19,17.9,17,16.1,15.2,14.8,14.2,14.2,13.7,13.2,12.5,12,11.7,11.2,10.8,10.4,9.9,9.1,8.5,7.9,7.4,6.9,6.6,6.3,6,6,5.9,5.8,5.2,5.3
PM10 (Particulate matter),"Road traffic, total",17.4,16.7,16.3,15.1,14.2,13.3,12.4,11.7,11.2,11.2,10.6,10.2,9.6,9.2,8.9,8.6,8.1,7.8,7.3,6.7,6.3,5.9,5.4,5,4.6,4.5,4.4,4.3,4.2,4,3.5,3.6
PM10 (Particulate matter),"Road traffic, passenger cars",6.9,6.2,6,5.5,5.3,5,4.8,4.6,4.5,4.5,4.4,4.2,4,3.9,3.8,3.7,3.6,3.5,3.3,3.1,3,2.9,2.7,2.5,2.4,2.4,2.3,2.3,2.3,2.2,1.8,1.9
PM10 (Particulate matter),"Road traffic, freight vehicles",8.8,8.9,8.8,8.3,7.6,7,6.4,5.9,5.6,5.6,5.4,5.2,4.8,4.5,4.4,4.2,3.9,3.7,3.5,3.1,2.8,2.6,2.3,2,1.9,1.8,1.8,1.7,1.6,1.5,1.5,1.5
PM10 (Particulate matter),"Road traffic, other",1.7,1.5,1.4,1.4,1.3,1.3,1.2,1.1,1.1,1.1,0.9,0.8,0.8,0.7,0.7,0.6,0.6,0.5,0.5,0.5,0.5,0.4,0.4,0.4,0.3,0.3,0.3,0.3,0.3,0.3,0.2,0.2
PM10 (Particulate matter),Total inland shipping,1.4,1.4,1.4,1.4,1.4,1.4,1.4,1.5,1.3,1.4,1.4,1.4,1.3,1.3,1.2,1.2,1.1,1.1,1.1,1,1,1,1,1,1,1,0.9,0.9,0.9,0.8,0.8,0.8
PM10 (Particulate matter),"Inland shipping, passenger transport",0.1,0.1,0.1,0.1,0.1,0.1,0.1,0.1,0.1,0.1,0.1,0.1,0.1,0.1,0.1,0.1,0.1,0.1,0.1,0.1,0.1,0.1,0.1,0.1,0.1,0.1,0.1,0.1,0.1,0.1,0.1,0.1
PM10 (Particulate matter),"Inland shipping, freight transport",1.2,1.2,1.2,1.2,1.2,1.2,1.1,1.3,1.1,1.2,1.2,1.2,1.1,1.1,1,1,0.9,0.9,0.9,0.8,0.8,0.8,0.8,0.8,0.8,0.8,0.7,0.7,0.7,0.6,0.6,0.6
PM10 (Particulate matter),"Inland shipping, pleasure cruising",0,0,0,0,0,0.1,0.1,0.1,0.1,0.1,0.1,0.1,0.1,0.1,0.1,0.1,0.1,0.1,0.1,0.1,0.1,0.1,0.1,0.1,0,0,0,0,0,0,0,0
PM10 (Particulate matter),Fishing,0.3,0.3,0.3,0.3,0.3,0.4,0.4,0.4,0.4,0.4,0.3,0.3,0.3,0.2,0.2,0.2,0.2,0.2,0.2,0.2,0.1,0.1,0.1,0.1,0.1,0.1,0.1,0.1,0.1,0.1,0.1,0.1
PM10 (Particulate matter),Railways total,0.1,0.1,0.1,0.1,0.1,0.1,0.1,0.1,0.1,0.1,0.1,0.1,0.1,0.1,0.1,0.1,0.1,0.1,0.1,0.1,0.1,0.1,0.1,0.1,0.1,0.1,0.1,0.1,0.1,0,0.1,0.1
PM10 (Particulate matter),"Railways, passenger transport",0,0,0,0,0,0,0,0,0,0,0,0,0,0,0,0,0,0,0,0,0,0,0,0,0,0,0,0,0,0,0,0
PM10 (Particulate matter),"Railways, freight transport",0,0,0,0,0,0,0,0,0,0,0,0,0,0,0,0,0,0,0,0,0,0,0,0,0,0,0,0,0,0,0,0
PM10 (Particulate matter),Aviation,0,0,0,0,0,0.1,0.1,0.1,0.1,0.1,0.1,0.1,0.1,0.1,0.1,0.1,0.1,0.1,0.1,0.1,0.1,0.1,0.1,0.1,0.1,0.1,0.1,0.1,0.1,0.1,0,0
PM10 (Particulate matter),"Seagoing shipping, inland",0.9,0.9,1,1,1,1,1,1.1,1.2,1.2,1.2,1.2,1.2,1.2,1.1,1.1,1.2,1.1,1.2,1.1,0.9,0.8,0.8,0.7,0.8,0.6,0.5,0.5,0.7,0.7,0.7,0.7
PM10 (Particulate matter),Seagoing shipping on continental shelf,5.2,4.8,4.9,5.1,5.2,5.3,5.5,5.7,5.9,6.2,6.5,6.5,6.5,6.4,6.2,6.5,6.8,6,4.7,4.8,4.6,3.8,3.5,3.2,3.4,3.1,2.4,2.2,2.1,2.2,2,2
PM10 (Particulate matter),"Mobile machinery, total",4.1,4.1,4,3.9,3.9,3.9,3.9,3.8,3.7,3.9,3.8,3.7,3.4,3.3,3.1,3.1,2.9,2.7,2.3,2,1.8,1.8,1.6,1.5,1.5,1.3,1.2,1.1,1.1,1,0.9,0.8
PM10 (Particulate matter),"Mobile machinery, agriculture",1.6,1.6,1.5,1.4,1.4,1.4,1.3,1.3,1.2,1.3,1.3,1.3,1.2,1.1,1.1,1.1,1,0.9,0.8,0.6,0.6,0.6,0.5,0.5,0.5,0.5,0.4,0.4,0.4,0.3,0.3,0.3
PM10 (Particulate matter),"Mobile machinery, building industry",2.1,2.1,2,1.9,2,1.9,2,1.9,1.9,2,1.9,1.8,1.7,1.5,1.5,1.5,1.4,1.3,1.1,1,0.8,0.8,0.7,0.7,0.6,0.6,0.6,0.5,0.5,0.4,0.4,0.4
PM10 (Particulate matter),"Mobile machinery, other sectors",0.4,0.5,0.5,0.6,0.6,0.6,0.6,0.6,0.6,0.6,0.6,0.6,0.6,0.6,0.6,0.6,0.5,0.5,0.5,0.4,0.4,0.4,0.4,0.3,0.3,0.3,0.3,0.2,0.2,0.2,0.2,0.2
Source: CBS,,,,,,,,,,,,,,,,,,,,,,,,,,,,,,,,,
